{"train_loss":0.0005689630930170766,"train_tpr":0,"learning_rate":2.4673990708934305e-09,"_timestamp":1.7324849824984615e+09,"_wandb":{"runtime":20300},"_step":2999,"test_fpr":0.34139999747276306,"train_fpr":0.010049999691545963,"_runtime":20300.031180849,"test_loss":0.10706211774300516,"test_tpr":0.8927199840545654}