{"train_fpr":0.0007999999797903001,"_timestamp":1.7326536579462938e+09,"test_loss":0.015615049426087931,"test_tpr":0.41495999693870544,"_wandb":{"runtime":691},"train_tpr":0,"_runtime":691.413298432,"_step":299,"test_precision":0.989507794380188,"test_fpr":0.02199999988079071,"learning_rate":2.467198171342e-07,"train_loss":3.058270245687927e-05}