{"train_fpr":0.017149999737739563,"train_tpr":0,"test_fpr":0.1387999951839447,"train_loss":0.001688797790654235,"_wandb":{"runtime":127},"learning_rate":0.0002500000000000001,"_timestamp":1.7323899649378393e+09,"_runtime":120.753089992,"test_tpr":0.7780799865722656,"_step":32,"test_loss":0.10341575910344557}