{"_step":299,"train_fpr":0.0017499999376013875,"_wandb":{"runtime":701},"learning_rate":2.467198171342e-07,"_timestamp":1.732655055648004e+09,"train_tpr":0,"train_loss":2.9597728196916667e-05,"test_fpr":0.02419999986886978,"test_precision":0.9893561005592346,"test_loss":0.01868772088370031,"test_tpr":0.4498800039291382,"_runtime":701.940777345}