{"_step":19,"learning_rate":0.0006545084971874737,"train_loss":0.0021126379255381037,"_runtime":119.096879495,"test_tpr":7718.2841796875,"test_fpr":20165.2734375,"_timestamp":1.732388067476795e+09,"train_tpr":0,"train_fpr":113.48709869384766,"test_loss":0.11576197441835359,"_wandb":{"runtime":123}}