{"_runtime":13093.42261318,"train_loss":0.0008388873428528351,"test_loss":0.10522915871165231,"learning_rate":0.00018860610975594345,"_timestamp":1.732496589599539e+09,"train_fpr":0.009399999864399433,"train_tpr":0,"test_fpr":0.3296000063419342,"_step":2144,"_wandb":{"runtime":13098},"test_tpr":0.9023200273513794}