{"_runtime":687.721968759,"test_loss":0.0180413018621835,"test_precision":0.9884214401245117,"train_loss":2.8865717986884003e-05,"_wandb":{"runtime":687},"_timestamp":1.7326557450337217e+09,"_step":299,"train_fpr":0.0010499999625608325,"train_tpr":0,"test_tpr":0.44732001423835754,"learning_rate":2.467198171342e-07,"test_fpr":0.026200000196695328}