{"train_loss":0.0010072553635915855,"test_fpr":0.09839999675750732,"_runtime":17639.826033869,"learning_rate":2.4673990708934305e-09,"_wandb":{"runtime":17639},"test_tpr":0.7618799805641174,"train_tpr":0,"train_fpr":0.015149999409914017,"_step":2999,"test_loss":0.09025822007096862,"_timestamp":1.732445393355085e+09}