{"train_loss":0.0010031943083141232,"test_fpr":0.10620000213384628,"train_fpr":0.014999999664723873,"test_loss":0.09222925761882451,"learning_rate":2.4673990708934305e-09,"_wandb":{"runtime":30702},"_timestamp":1.7324277510346847e+09,"_runtime":30702.30721157,"train_tpr":0,"_step":2999,"test_tpr":0.7619199752807617}