{"_runtime":26259.748542717,"_step":2999,"train_fpr":0.008549999445676804,"test_loss":0.11027968105048873,"_timestamp":1.7324298283754542e+09,"_wandb":{"runtime":26259},"learning_rate":2.4673990708934305e-09,"train_loss":0.0003930683005187819,"train_tpr":0,"test_tpr":0.8815199732780457,"test_fpr":0.3215999901294708}