{"train_tpr":0,"test_tpr":0.9998400211334229,"test_fpr":0.991599977016449,"_runtime":58.055462142,"_step":17,"_timestamp":1.7323901215927923e+09,"train_loss":1.2246283489967225,"_wandb":{"runtime":61},"train_fpr":0.9993999600410461,"test_loss":1.0315680223651218,"learning_rate":7.500000000000001e-05}