{"_timestamp":1.732678047981359e+09,"_runtime":130.97369279,"_step":17,"train_tpr":0,"train_fpr":0.001449999981559813,"test_precision":0.98591548204422,"learning_rate":0.0009938441702975688,"_wandb":{"runtime":137},"train_loss":0.00017709325116901706,"test_fpr":0.0006000000284984708,"test_loss":0.0003092820129213942,"test_tpr":0.00839999970048666}