{"train_loss":0.0009235204070842544,"train_fpr":0.010599999688565731,"test_tpr":0.8397600054740906,"_step":1682,"learning_rate":0.00040630934270713745,"test_loss":0.06552303518264997,"test_fpr":0.22439999878406525,"_runtime":11600.410880911,"_timestamp":1.7324965845718036e+09,"_wandb":{"runtime":11602},"train_tpr":0}