{"_wandb":{"runtime":130},"train_loss":0.001764243743581154,"_step":32,"test_fpr":0.946399986743927,"_runtime":125.528332488,"train_tpr":0,"_timestamp":1.7323890786840103e+09,"test_tpr":0.3882800042629242,"learning_rate":0.0002500000000000001,"train_fpr":0.9816499948501587,"test_loss":0.05890058554774137}