{"test_loss":0.09847941448758982,"_wandb":{"runtime":20177},"_runtime":20177.78890717,"_step":2999,"train_loss":0.0005867924638033789,"_timestamp":1.7324848723755975e+09,"test_tpr":0.89683997631073,"test_fpr":0.34380000829696655,"train_tpr":0,"learning_rate":2.4673990708934305e-09,"train_fpr":0.00764999957755208}