{"_timestamp":1.7324035803072782e+09,"test_fpr":0.07959999889135361,"learning_rate":2.4673990708934305e-09,"test_tpr":0.7158399820327759,"test_loss":0.08118553760805397,"_runtime":13274.766090494,"train_loss":0.0011272160138735892,"_wandb":{"runtime":13274},"_step":2999,"train_tpr":0,"train_fpr":0.013899999670684338}