{"train_loss":0.0015413416226374673,"train_tpr":0,"test_loss":0.07801961659110546,"test_fpr":0.17419999837875366,"_runtime":473.21094545,"learning_rate":0.0002730047501302267,"train_fpr":0.009800000116229057,"_step":197,"_wandb":{"runtime":477},"test_tpr":0.8203999996185303,"test_precision":0.9592629075050354,"_timestamp":1.732652938785659e+09}