{"_wandb":{"runtime":174},"test_fpr":0.061000000685453415,"train_loss":0.001361265793035874,"_timestamp":1.732389666462222e+09,"test_loss":0.0679899938715657,"learning_rate":1.0926199633097156e-05,"test_tpr":0.6577600240707397,"_step":44,"_runtime":174.34053149,"train_tpr":0,"train_fpr":0.013799999840557575}