{"train_fpr":0.009449999779462814,"learning_rate":0.0009760113134728371,"train_tpr":0,"test_tpr":0.7166799902915955,"_timestamp":1.73245137257395e+09,"_runtime":1678.31770261,"train_loss":0.0009482920286017756,"_wandb":{"runtime":1682},"test_fpr":0.1103999987244606,"_step":299,"test_loss":0.04251273388882456}