{"train_loss":0.0004464178939841298,"_step":2174,"test_loss":0.08458157934067222,"_runtime":23565.022993997,"train_tpr":0,"test_fpr":0.21719999611377716,"_timestamp":1.7324965694212637e+09,"test_tpr":0.8273599743843079,"train_fpr":0.010249999351799488,"_wandb":{"runtime":23579},"learning_rate":0.0001764720192152774}