{"train_tpr":0,"test_tpr":0.8920000195503235,"_runtime":15986.00668504,"_step":2999,"train_loss":0.00033070226209325356,"train_fpr":0.006850000005215406,"_timestamp":1.7324458167841578e+09,"test_fpr":0.329800009727478,"test_loss":0.1282787380288686,"_wandb":{"runtime":15986},"learning_rate":2.4673990708934305e-09}