{"_wandb":{"runtime":235},"learning_rate":0.001,"_timestamp":1.7324677108139431e+09,"_runtime":24.339839056,"_step":1,"train_loss":2.7110593810099974,"train_tpr":0,"train_fpr":0.7634499669075012}