{"learning_rate":0.0003909283793017285,"test_tpr":0.8940399885177612,"train_fpr":0.00904999952763319,"test_fpr":0.31040000915527344,"train_tpr":0,"test_loss":0.0820524736737589,"_timestamp":1.7324965861178617e+09,"train_loss":0.0008828283308596133,"_step":1711,"_runtime":11712.030808682,"_wandb":{"runtime":11714}}