{"_step":2999,"train_fpr":0.009349999949336052,"train_loss":0.0005500538062026427,"_wandb":{"runtime":26837},"learning_rate":0.0003808921790691027,"test_tpr":0.8664000034332275,"test_fpr":0.2815999984741211,"_timestamp":1.732430849046908e+09,"train_tpr":0,"test_loss":0.07037322976743715,"_runtime":26837.895586079}