{"_step":2999,"test_loss":0.13973189624044008,"_wandb":{"runtime":18151},"train_tpr":0,"test_tpr":0.908519983291626,"learning_rate":2.4673990708934305e-09,"train_fpr":0.007199999876320362,"_runtime":18151.236234392,"_timestamp":1.732483494299916e+09,"train_loss":0.0005498359781844874,"test_fpr":0.3476000130176544}