{"_timestamp":1.7324479275657575e+09,"_wandb":{"runtime":17075},"train_fpr":0.009599999524652958,"test_loss":0.06876671639661507,"_step":2999,"train_tpr":0,"learning_rate":0.0003808921790691027,"test_tpr":0.8791599869728088,"test_fpr":0.3075999915599823,"_runtime":17075.918682083,"train_loss":0.0004763266713292284}