{"_timestamp":1.7323892830027144e+09,"_runtime":7.660729599,"_step":0,"learning_rate":0.001,"_wandb":{"runtime":9}}