{"_wandb":{"runtime":5555},"_step":1007,"train_fpr":0.009200000204145908,"_timestamp":1.7324513620674114e+09,"_runtime":5543.597776361,"train_loss":0.0007659622230679772,"train_tpr":0,"test_loss":0.05374759854013738,"learning_rate":0.0007477293342162028,"test_tpr":0.8373600244522095,"test_fpr":0.23399999737739563}