{"_timestamp":1.7324496925654671e+09,"test_tpr":0.876800000667572,"_step":2999,"train_fpr":0.009649999439716339,"learning_rate":2.4673990708934305e-09,"_runtime":16953.345282698,"test_fpr":0.3142000138759613,"_wandb":{"runtime":16953},"test_loss":0.12019921213501078,"train_loss":0.00035272324506838945,"train_tpr":0}