{"train_loss":2.9980063230381747e-05,"test_precision":0.9921634197235107,"_step":257,"test_tpr":0.4253999888896942,"_runtime":595.442407002,"train_tpr":0,"test_fpr":0.01679999940097332,"_timestamp":1.7326563422220461e+09,"learning_rate":5.449673790581613e-05,"_wandb":{"runtime":600},"train_fpr":0.0009499999578110874,"test_loss":0.014857823792953709}