{"_timestamp":1.7326627791610954e+09,"_step":299,"learning_rate":2.467198171342e-07,"test_tpr":0.3388800024986267,"test_precision":0.9923861026763916,"train_fpr":0.0008999999845400453,"train_tpr":0,"test_fpr":0.013000000268220901,"_wandb":{"runtime":4403},"test_loss":0.016936256536228676,"_runtime":4403.956334408,"train_loss":3.4201173680878775e-05}