{"train_loss":0.0008483868628886491,"test_tpr":0.7286800146102905,"test_fpr":0.12219999730587006,"_runtime":3428.266694116,"test_loss":0.029583205591949324,"_wandb":{"runtime":3440},"learning_rate":0.000809546974654917,"train_tpr":0,"_timestamp":1.7324513575240254e+09,"train_fpr":0.010149999521672726,"_step":590}