{"_wandb":{"runtime":174},"test_loss":0.07354692091939759,"train_loss":0.0013178390000298428,"train_fpr":0.015249999240040779,"test_fpr":0.07419999688863754,"_timestamp":1.732389842442319e+09,"_step":44,"learning_rate":1.0926199633097156e-05,"_runtime":174.201623851,"train_tpr":0,"test_tpr":0.6798400282859802}