{"test_fpr":0.3303999900817871,"test_tpr":0.8787599802017212,"_runtime":27003.415785045,"_timestamp":1.7324327375663266e+09,"train_fpr":0.010799999348819256,"train_loss":0.0003897940895805689,"test_loss":0.11508234850459843,"_wandb":{"runtime":27003},"learning_rate":2.4673990708934305e-09,"_step":2999,"train_tpr":0}