{"_timestamp":1.7324966533069496e+09,"train_loss":2.7061945567304933,"train_tpr":0,"train_fpr":0.7598499655723572,"_wandb":{"runtime":17},"_runtime":11.755462772,"_step":1,"learning_rate":0.001}