{"_timestamp":1.7326570610725224e+09,"train_fpr":9.999999747378752e-05,"train_tpr":0,"test_tpr":0.10332000255584717,"test_loss":0.0027653720506887114,"_runtime":704.086697136,"_step":299,"train_loss":6.113001131473638e-06,"test_fpr":0.0026000000070780516,"test_precision":0.9949923157691956,"_wandb":{"runtime":704},"learning_rate":2.467198171342e-07}