{"test_loss":0.12357471366132025,"_runtime":21393.860733832,"learning_rate":2.4673990708934305e-09,"test_tpr":0.8885599970817566,"_timestamp":1.7324730024989634e+09,"_step":2999,"train_loss":0.0003743009426310429,"train_fpr":0.006899999920278788,"train_tpr":0,"test_fpr":0.3240000009536743,"_wandb":{"runtime":21393}}