{"_wandb":{"runtime":29},"learning_rate":0.001,"_timestamp":1.7324679987102277e+09,"_runtime":21.180324202,"_step":1,"train_loss":2.706659621870327,"train_tpr":0,"train_fpr":0.7587499618530273}