{"train_loss":2.9869286865872922e-05,"train_fpr":0.000750000006519258,"_step":299,"test_loss":0.014096283665100845,"test_fpr":0.01600000075995922,"_wandb":{"runtime":692},"_runtime":692.508838438,"train_tpr":0,"learning_rate":2.467198171342e-07,"test_tpr":0.4264400005340576,"test_precision":0.9925519227981567,"_timestamp":1.7326543521305075e+09}