{"learning_rate":0.0007394991513223794,"test_fpr":0.03440000116825104,"_timestamp":1.7324513785784075e+09,"test_loss":0.04589632975902015,"train_fpr":0.014750000089406967,"_runtime":5983.226201045,"train_loss":0.0015258787547727465,"_wandb":{"runtime":5988},"test_tpr":0.6062399744987488,"_step":1025,"train_tpr":0}